{"draw":0,
"recordsFiltered":7,
"recordsTotal":7,
"data":[{"agentCode":"ASIJI12390123",
 "polNo":"900009103876",
"customerName":"A B",
"phone":"98701772",
"email":"a@a.c",
"submissionDt":"2018-10-15T04:29:15.239+0000",
"prod":"TPC",
"agentAssignmentDt":"2018-08-31T16:00:00.000+0000",
"firstContactDt":"2018-05-01T16:00:00.000+0000",
"assignmentStatus":"3",
"applicationExt":"1",
"csRemarks":"AAA",
"upsellLifePolNo":"",
"upsellLifeProd":null,
"afyp":30000.00,
"reasonOfExt":"test reason 1111"},
{"agentCode":"ASIJI12390123",
 "polNo":"900009100430",
"customerName":"ASDF ASDFASDF",
"phone":"12121212",
"email":"kan.minjian.feng@accenture.com",
"submissionDt":"2018-10-15T04:34:47.936+0000",
"prod":"FGD",
"agentAssignmentDt":"2018-06-30T16:00:00.000+0000",
"firstContactDt":"2018-05-01T16:00:00.000+0000",
"assignmentStatus":"4",
"applicationExt":"4",
"csRemarks":"AAA",
"upsellLifePolNo":"",
"upsellLifeProd":null,
"afyp":10000.00,
"reasonOfExt":"/asdsadiojoi"},
{"agentCode":"ASIJI12390123",
 "polNo":"900009100428",
"customerName":"ASDF ASDF",
"phone":"12121212",
"email":"kan.minjian.feng@accenture.com",
"submissionDt":"2018-10-15T04:36:07.838+0000",
"prod":"PAP",
"agentAssignmentDt":"2018-06-30T16:00:00.000+0000",
"firstContactDt":"2018-07-01T16:00:00.000+0000",
"assignmentStatus":"1",
"applicationExt":"4",
"csRemarks":"AAA",
"upsellLifePolNo":"",
"upsellLifeProd":null,
"afyp":30000.00,
"reasonOfExt":"customer asked"},
{"agentCode":"ASIJI12390123",
 "polNo":"900009100431",
"customerName":"ASDFAS ASDF",
"phone":"12121212",
"email":"kan.minjian.feng@accenture.com",
"submissionDt":"2018-10-15T04:34:42.442+0000",
"prod":"ECD",
"agentAssignmentDt":"2018-05-02T16:00:00.000+0000",
"firstContactDt":"2018-05-01T16:00:00.000+0000",
"assignmentStatus":"1",
"applicationExt":"1",
"csRemarks":"AAA",
"upsellLifePolNo":"",
"upsellLifeProd":null,
"afyp":20000.00,
"reasonOfExt":"asdosajdoaisjdosad"},
{"agentCode":"ASIJI12390123",
 "polNo":"900009100383",
"customerName":"MARY LAM",
"phone":"",
"email":"charles.sm.wong@prudential.com.hk",
"submissionDt":"2018-10-15T04:36:02.958+0000",
"prod":"ACL",
"agentAssignmentDt":"2018-02-28T16:00:00.000+0000",
"firstContactDt":"2018-05-01T16:00:00.000+0000",
"assignmentStatus":"2",
"applicationExt":"2",
"csRemarks":"AAA",
"upsellLifePolNo":"",
"upsellLifeProd":null,
"afyp":null,
"reasonOfExt":null},
{"agentCode":"ASIJI12390123",
 "polNo":"900009100429",
"customerName":"ASDF ASDF",
"phone":"12121212",
"email":"kan.minjian.feng@accenture.com",
"submissionDt":"2018-10-15T04:36:07.857+0000",
"prod":"ACL",
"agentAssignmentDt":"2018-01-31T16:00:00.000+0000",
"firstContactDt":"2018-05-01T16:00:00.000+0000",
"assignmentStatus":"2",
"applicationExt":"1",
"csRemarks":"AAA",
"upsellLifePolNo":"",
"upsellLifeProd":null,
"afyp":200.00,
"reasonOfExt":"asdsadasda12313"},
{"agentCode":"ASIJI12390123",
 "polNo":"900009100430",
"customerName":"ASDF ASDFASDF",
"phone":"12121212",
"email":"kan.minjian.feng@accenture.com",
"submissionDt":"2018-10-15T04:36:07.866+0000",
"prod":"FGD",
"agentAssignmentDt":"2017-12-31T16:00:00.000+0000",
"firstContactDt":"2018-05-01T16:00:00.000+0000",
"assignmentStatus":"3",
"applicationExt":"2",
"csRemarks":"AAA",
"upsellLifePolNo":"",
"upsellLifeProd":null,
"afyp":10000.00,
"reasonOfExt":"mkasdmlakdasd"}]}
