{
  "draw": 0,
  "recordsTotal": 12,
  "recordsFiltered": 12,
  "data" : [
    { "policyNo": "678768",
      "customerName":"YEUNG PUI YAN SHERMAN",
      "gender":"M",
      "email":"sherman.py.yeung@pruhk.com",
      "birthYear":"1980",
      "birthMonth":"10",
      "campaignCd":"ASM100AB01",
      "partnerCd":"ASM100AB01",
      "partnerName":"SN00685096 FN00685096 OTH00685096",
      "assignmentType":"00685096",
      "dateOfSubmission":null
    },
    { "policyNo": "56756765",
      "customerName":"YEUNG PUI YAN SHERMAN",
      "gender":"M",
      "email":"sherman.py.yeung@pruhk.com",
      "birthYear":"1980",
      "birthMonth":"10",
      "campaignCd":"ASM100AB01",
      "partnerCd":"ASM100AB01",
      "partnerName":"SN00685096 FN00685096 OTH00685096",
      "assignmentType":"00685096",
      "dateOfSubmission":"2018-10-13T04:29:15.239+0000"
    },
    { "policyNo": "4564654",
      "customerName":"YEUNG PUI YAN SHERMAN",
      "gender":"M",
      "email":"sherman.py.yeung@pruhk.com",
      "birthYear":"1980",
      "birthMonth":"10",
      "campaignCd":"ASM100AB01",
      "partnerCd":"ASM100AB01",
      "partnerName":"SN00685096 FN00685096 OTH00685096",
      "assignmentType":"00685096",
      "dateOfSubmission":"2018-10-15T04:29:15.239+0000"
    },
    { "policyNo": "43543535",
      "customerName":"YEUNG PUI YAN SHERMAN",
      "gender":"M",
      "email":"sherman.py.yeung@pruhk.com",
      "birthYear":"1980",
      "birthMonth":"10",
      "campaignCd":"ASM100AB01",
      "partnerCd":"ASM100AB01",
      "partnerName":"SN00685096 FN00685096 OTH00685096",
      "assignmentType":"00685096",
      "dateOfSubmission":"2018-10-15T04:29:15.239+0000"
    },
    { "policyNo": "4234324",
      "customerName":"YEUNG PUI YAN SHERMAN",
      "gender":"M",
      "email":"sherman.py.yeung@pruhk.com",
      "birthYear":"1980",
      "birthMonth":"10",
      "campaignCd":"ASM100AB01",
      "partnerCd":"ASM100AB01",
      "partnerName":"SN00685096 FN00685096 OTH00685096",
      "assignmentType":"00685096",
      "dateOfSubmission":"2018-10-15T04:29:15.239+0000"
    },
    { "policyNo": "23237",
      "customerName":"YEUNG PUI YAN SHERMAN",
      "gender":"M",
      "email":"sherman.py.yeung@pruhk.com",
      "birthYear":"1980",
      "birthMonth":"10",
      "campaignCd":"ASM100AB01",
      "partnerCd":"ASM100AB01",
      "partnerName":"SN00685096 FN00685096 OTH00685096",
      "assignmentType":"00685096",
      "dateOfSubmission":"2018-10-15T04:29:15.239+0000"
    },
    { "policyNo": "6078768",
      "customerName":"YEUNG PUI YAN SHERMAN",
      "gender":"M",
      "email":"sherman.py.yeung@pruhk.com",
      "birthYear":"1980",
      "birthMonth":"10",
      "campaignCd":"ASM100AB01",
      "partnerCd":"ASM100AB01",
      "partnerName":"SN00685096 FN00685096 OTH00685096",
      "assignmentType":"00685096",
      "dateOfSubmission":null
    },
    { "policyNo": "116756765",
      "customerName":"YEUNG PUI YAN SHERMAN",
      "gender":"M",
      "email":"sherman.py.yeung@pruhk.com",
      "birthYear":"1980",
      "birthMonth":"10",
      "campaignCd":"ASM100AB01",
      "partnerCd":"ASM100AB01",
      "partnerName":"SN00685096 FN00685096 OTH00685096",
      "assignmentType":"00685096",
      "dateOfSubmission":"2018-10-13T04:29:15.239+0000"
    },
    { "policyNo": "456444654",
      "customerName":"YEUNG PUI YAN SHERMAN",
      "gender":"M",
      "email":"sherman.py.yeung@pruhk.com",
      "birthYear":"1980",
      "birthMonth":"10",
      "campaignCd":"ASM100AB01",
      "partnerCd":"ASM100AB01",
      "partnerName":"SN00685096 FN00685096 OTH00685096",
      "assignmentType":"00685096",
      "dateOfSubmission":"2018-10-15T04:29:15.239+0000"
    },
    { "policyNo": "4354351135",
      "customerName":"YEUNG PUI YAN SHERMAN",
      "gender":"M",
      "email":"sherman.py.yeung@pruhk.com",
      "birthYear":"1980",
      "birthMonth":"10",
      "campaignCd":"ASM100AB01",
      "partnerCd":"ASM100AB01",
      "partnerName":"SN00685096 FN00685096 OTH00685096",
      "assignmentType":"00685096",
      "dateOfSubmission":"2018-10-15T04:29:15.239+0000"
    },
    { "policyNo": "423421324",
      "customerName":"YEUNG PUI YAN SHERMAN",
      "gender":"M",
      "email":"sherman.py.yeung@pruhk.com",
      "birthYear":"1980",
      "birthMonth":"10",
      "campaignCd":"ASM100AB01",
      "partnerCd":"ASM100AB01",
      "partnerName":"SN00685096 FN00685096 OTH00685096",
      "assignmentType":"00685096",
      "dateOfSubmission":"2018-10-15T04:29:15.239+0000"
    },
    { "policyNo": "2323227",
      "customerName":"YEUNG PUI YAN SHERMAN",
      "gender":"M",
      "email":"sherman.py.yeung@pruhk.com",
      "birthYear":"1980",
      "birthMonth":"10",
      "campaignCd":"ASM100AB01",
      "partnerCd":"ASM100AB01",
      "partnerName":"SN00685096 FN00685096 OTH00685096",
      "assignmentType":"00685096",
      "dateOfSubmission":"2018-10-15T04:29:15.239+0000"
    }]
  }
