{
  "emailSubject":"Ref: PDD/ CSACE01新客戶開發計劃 ：獲派客戶管理權將於30日內屆滿",
  "emailContent":"<!DOCTYPE html PUBLIC \"-//W3C//DTD XHTML 1.0 Strict//EN\" \"http://www.w3.org/TR/xhtml1/DTD/xhtml1-strict.dtd\">\r\n<html>\r\n<head>\r\n<meta http-equiv=\"Content-Type\" content=\"text/html; charset=utf-8\" />\r\n<title>PRUDENTIAL</title>\r\n<style type=\"text/css\" media=\"all\">\r\n\t\r\n</style>\r\n</head>\r\n<body>\r\n\t新客戶開發計劃乃公司透過與擁有龐大客戶群之商業伙伴合作，在其客戶通訊或網站推廣保誠的GI產品。當新客戶經系統購買產品，我們將鼓勵客戶要求理財顧問跟進，從而增加交叉銷售壽險產品的機會。在委派理財顧問與客戶聯絡前，系統將預先篩選並確保有關客戶為全新客戶。<br/>\r\n\t<br/>\r\n\t你是此計劃的特選理財顧問之一，並於2018-05-03獲派發以下客戶，可於6個月內交叉銷售壽險產品。<br/>\r\n\t<br/>\r\n\t客戶資料︰<br/>\r\n\t客戶姓名︰ASDFAS ASDF <br/>\t\r\n\t電郵地址︰kan.minjian.feng@accenture.com <br/>\r\n\t<br/>\r\n\t根據系統顯示，有關客戶的管理權將於30日內屆滿，請你把握機會與客戶洽談。<br/>\r\n\t如你於30日內未能更新客戶情況，亦未有於Agency Portal申請延長洽談，新客戶開發計劃有機會於期滿後另外委派理財顧問跟進此客戶。敬請留意。<br/>\r\n\t<br/>\r\n\tXXX (TBC)    謹啟<br/>\r\n\t(PDD/ GICSD01)\r\n</body>\r\n</html>",
  "receiverName":"SN00685096 FN00685096 OTH00685096",
  "receiver":"test43@uatmail.prudential.com.hk",
  "status":"pending"
}
