{"draw":0,
"recordsFiltered":7,
"recordsTotal":7,
"data":[
  {"applicationDt":"2018-10-15T04:29:15.239+0000",
  "agentName":"AKSDLAKDJSLAD",
  "agentCode":"AS98701772",
  "customerName":"ASDADADSA SAM",
  "customerPhone":"65544555",
  "customerEmail":"TPC@gmal.com",
  "assignmentDt":"2018-08-31T16:00:00.000+0000",
  "firstContactDt":"2018-05-01T16:00:00.000+0000",
  "approvalStatus":"1",
  "remarks":"I AMREMARKS"},
  {"applicationDt":"2018-10-15T04:29:15.239+0000",
  "agentName":"AKSDLAKDJSLAD",
  "agentCode":"AS98701772",
  "customerName":"ASDADADSA SAM",
  "customerPhone":"65544555",
  "customerEmail":"TPC@gmal.com",
  "assignmentDt":"2018-08-31T16:00:00.000+0000",
  "firstContactDt":"2018-05-01T16:00:00.000+0000",
  "approvalStatus":"2",
  "remarks":"I AMREMARKS"},
  {"applicationDt":"2018-10-15T04:29:15.239+0000",
  "agentName":"AKSDLAKDJSLAD",
  "agentCode":"AS98701772",
  "customerName":"ASDADADSA SAM",
  "customerPhone":"65544555",
  "customerEmail":"TPC@gmal.com",
  "assignmentDt":"2018-08-31T16:00:00.000+0000",
  "firstContactDt":"2018-05-01T16:00:00.000+0000",
  "approvalStatus":"1",
  "remarks":"I AMREMARKS"},
  {"applicationDt":"2018-10-15T04:29:15.239+0000",
  "agentName":"AKSDLAKDJSLAD",
  "agentCode":"AS98701772",
  "customerName":"ASDADADSA SAM",
  "customerPhone":"65544555",
  "customerEmail":"TPC@gmal.com",
  "assignmentDt":"2018-08-31T16:00:00.000+0000",
  "firstContactDt":"2018-05-01T16:00:00.000+0000",
  "approvalStatus":"0",
  "remarks":"I AMREMARKS"},
  {"applicationDt":"2018-10-15T04:29:15.239+0000",
  "agentName":"AKSDLAKDJSLAD",
  "agentCode":"AS98701772",
  "customerName":"ASDADADSA SAM",
  "customerPhone":"65544555",
  "customerEmail":"TPC@gmal.com",
  "assignmentDt":"2018-08-31T16:00:00.000+0000",
  "firstContactDt":"2018-05-01T16:00:00.000+0000",
  "approvalStatus":"1",
  "remarks":"I AMREMARKS"},
  {"applicationDt":"2018-10-15T04:29:15.239+0000",
  "agentName":"AKSDLAKDJSLAD",
  "agentCode":"AS98701772",
  "customerName":"ASDADADSA SAM",
  "customerPhone":"65544555",
  "customerEmail":"TPC@gmal.com",
  "assignmentDt":"2018-08-31T16:00:00.000+0000",
  "firstContactDt":"2018-05-01T16:00:00.000+0000",
  "approvalStatus":"1",
  "remarks":"I AMREMARKS"},
  {"applicationDt":"2018-10-15T04:29:15.239+0000",
  "agentName":"AKSDLAKDJSLAD",
  "agentCode":"AS98701772",
  "customerName":"ASDADADSA SAM",
  "customerPhone":"65544555",
  "customerEmail":"TPC@gmal.com",
  "assignmentDt":"2018-08-31T16:00:00.000+0000",
  "firstContactDt":"2018-05-01T16:00:00.000+0000",
  "approvalStatus":"1",
  "remarks":"I AMREMARKS"}
]}
