{
"data":[
  {"customerName":"SAM LA",
  "customerPhone":"65544858",
  "customerEmail":"AS98701772@gmail.com",
  "submissionDt":"2018-08-31T16:00:00.000+0000",
  "prodClass":"65544555",
  "agentName":"MSKKD",
  "agentCode":"A13123123",
  "assignmentDt":"2018-05-01T16:00:00.000+0000",
  "firstContactDt":"2018-08-31T16:00:00.000+0000",
  "assignmentStatus":"1",
  "applicationExt":"1",
  "csRemarks":"I AMREMARKS",
  "upsellLifePolNo":"123213",
  "upsellLifeProd":"TRAVEL",
  "ape":"123123"},
  {"customerName":"SAM LA",
  "customerPhone":"65544858",
  "customerEmail":"AS98701772@gmail.com",
  "submissionDt":"2018-08-31T16:00:00.000+0000",
  "prodClass":"65544555",
  "agentName":"MSKKD",
  "agentCode":"A13123123",
  "assignmentDt":"2018-05-01T16:00:00.000+0000",
  "firstContactDt":"2018-08-31T16:00:00.000+0000",
  "assignmentStatus":"2",
  "applicationExt":"2",
  "csRemarks":"I AMREMARKS",
  "upsellLifePolNo":"123213",
  "upsellLifeProd":"TRAVEL",
  "ape":"123123"},
  {"customerName":"SAM LA",
  "customerPhone":"65544858",
  "customerEmail":"AS98701772@gmail.com",
  "submissionDt":"2018-08-31T16:00:00.000+0000",
  "prodClass":"65544555",
  "agentName":"MSKKD",
  "agentCode":"A13123123",
  "assignmentDt":"2018-05-01T16:00:00.000+0000",
  "firstContactDt":"2018-08-31T16:00:00.000+0000",
  "assignmentStatus":"3",
  "applicationExt":"3",
  "csRemarks":"I AMREMARKS",
  "upsellLifePolNo":"123213",
  "upsellLifeProd":"TRAVEL",
  "ape":"123123"},
  {"customerName":"SAM LA",
  "customerPhone":"65544858",
  "customerEmail":"AS98701772@gmail.com",
  "submissionDt":"2018-08-31T16:00:00.000+0000",
  "prodClass":"65544555",
  "agentName":"MSKKD",
  "agentCode":"A13123123",
  "assignmentDt":"2018-05-01T16:00:00.000+0000",
  "firstContactDt":"2018-08-31T16:00:00.000+0000",
  "assignmentStatus":"4",
  "applicationExt":"1",
  "csRemarks":"I AMREMARKS",
  "upsellLifePolNo":"123213",
  "upsellLifeProd":"TRAVEL",
  "ape":"123123"},
  {"customerName":"SAM LA",
  "customerPhone":"65544858",
  "customerEmail":"AS98701772@gmail.com",
  "submissionDt":"2018-08-31T16:00:00.000+0000",
  "prodClass":"65544555",
  "agentName":"MSKKD",
  "agentCode":"A13123123",
  "assignmentDt":"2018-05-01T16:00:00.000+0000",
  "firstContactDt":"2018-08-31T16:00:00.000+0000",
  "assignmentStatus":"3",
  "applicationExt":"2",
  "csRemarks":"I AMREMARKS",
  "upsellLifePolNo":"123213",
  "upsellLifeProd":"TRAVEL",
  "ape":"123123"},
  {"customerName":"SAM LA",
  "customerPhone":"65544858",
  "customerEmail":"AS98701772@gmail.com",
  "submissionDt":"2018-08-31T16:00:00.000+0000",
  "prodClass":"65544555",
  "agentName":"MSKKD",
  "agentCode":"A13123123",
  "assignmentDt":"2018-05-01T16:00:00.000+0000",
  "firstContactDt":"2018-08-31T16:00:00.000+0000",
  "assignmentStatus":"2",
  "applicationExt":"2",
  "csRemarks":"I AMREMARKS",
  "upsellLifePolNo":"123213",
  "upsellLifeProd":"TRAVEL",
  "ape":"123123"},
  {"customerName":"SAM LA",
  "customerPhone":"65544858",
  "customerEmail":"AS98701772@gmail.com",
  "submissionDt":"2018-08-31T16:00:00.000+0000",
  "prodClass":"65544555",
  "agentName":"MSKKD",
  "agentCode":"A13123123",
  "assignmentDt":"2018-05-01T16:00:00.000+0000",
  "firstContactDt":null,
  "assignmentStatus":"3",
  "applicationExt":"3",
  "csRemarks":"I AMREMARKS",
  "upsellLifePolNo":"123213",
  "upsellLifeProd":"TRAVEL",
  "ape":"123123"}
]}
