{
  "draw": 0,
  "recordsTotal": 6,
  "recordsFiltered": 6,
  "data" : [
    {"prodClass":"Travel",
      "polNo":"900009103876",
      "lifePolNo":null,
      "applicantName":"A B",
      "idNo":"",
      "giOptOut":null,
      "lifeOptOut":null,
      "currentAgentName":"SN00685096 FN00685096 OTH00685096",
      "currentAgentCode":"00685096",
      "currentAgentPhone":"",
      "dateOfSubmission":"2018-02-02T16:00:00.000+0000",
      "campaignCode":"AM000009",
      "assignmentType":"1",
      "agentTeam":"Team C",
      "agentCode":"00685096",
      "agentName":"SN00685096 FN00685096 OTH00685096SN00685096 FN00685096 OTH00685096",
      "agentPhone":"",
      "agentAssignedDate":"2018-10-15T04:29:15.239+0000",
      "agentSentDate":null,
      "customerSentDate":null,
      "lastEmailId":null
    },
  {
    "prodClass":"Travel",
    "polNo":"900009104762",
    "lifePolNo":"",
    "applicantName":"ZHANG YONG",
    "idNo":"A1112409",
    "giOptOut":null,
    "lifeOptOut":null,
    "currentAgentName":"",
    "currentAgentCode":"",
    "currentAgentPhone":"",
    "dateOfSubmission":"2018-09-18T08:01:55.000+0000",
    "campaignCode":null,
    "assignmentType":1,
    "agentTeam":"123123123",
    "agentCode":"123123123",
    "agentName":"123123123",
    "agentPhone":"123123123",
    "agentAssignedDate":"2018-09-27T01:58:22.253+0000",
    "agentSentDate":["2018-09-27T01:58:22.253+0000","2018-09-27T01:58:21.006+0000","2018-09-27T01:58:19.884+0000"],
    "customerSentDate":["2018-09-27T01:58:27.856+0000","2018-09-27T01:58:27.215+0000"],
    "lastEmailId": null
  },
  {
    "prodClass":"Travel",
    "polNo":"900009104762",
    "lifePolNo":"",
    "applicantName":"ZHANG YONG",
    "idNo":"A1112409",
    "giOptOut":null,
    "lifeOptOut":null,
    "currentAgentName":"",
    "currentAgentCode":"",
    "currentAgentPhone":"",
    "dateOfSubmission":"2018-09-18T08:01:55.000+0000",
    "campaignCode":null,
    "assignmentType":2,
    "agentTeam":"123123123",
    "agentCode":"123123123",
    "agentName":"123123123",
    "agentPhone":"123123123",
    "agentAssignedDate":"2018-09-27T01:58:22.253+0000",
    "agentSentDate":["2018-09-27T01:58:22.253+0000","2018-09-27T01:58:21.006+0000","2018-09-27T01:58:19.884+0000"],
    "customerSentDate":["2018-09-27T01:58:27.856+0000","2018-09-27T01:58:27.215+0000"],
    "lastEmailId":"5"
  },
  {
    "prodClass":"Travel",
    "polNo":"900009104762",
    "lifePolNo":"",
    "applicantName":"ZHANG YONG",
    "idNo":"A1112409",
    "giOptOut":"asdads",
    "lifeOptOut":"asdads",
    "currentAgentName":"asdads",
    "currentAgentCode":"asdads",
    "currentAgentPhone":"asdasda",
    "dateOfSubmission":"2018-09-18T08:01:55.000+0000",
    "campaignCode":"A1112409",
    "assignmentType":3,
    "agentTeam":null,
    "agentCode":null,
    "agentName":null,
    "agentPhone":null,
    "agentAssignedDate":null,
    "agentSentDate":["2018-09-27T01:58:22.253+0000","2018-09-27T01:58:21.006+0000","2018-09-27T01:58:19.884+0000"],
    "customerSentDate":["2018-09-27T01:58:27.856+0000","2018-09-27T01:58:27.215+0000"],
    "lastEmailId":"5"
  },
  {
    "prodClass":"Travel",
    "polNo":"900009104762",
    "lifePolNo":"",
    "applicantName":"ZHANG YONG",
    "idNo":"A1112409",
    "giOptOut":null,
    "lifeOptOut":null,
    "currentAgentName":"",
    "currentAgentCode":"",
    "currentAgentPhone":"",
    "dateOfSubmission":"2018-09-18T08:01:55.000+0000",
    "campaignCode":null,
    "assignmentType":4,
    "agentTeam":null,
    "agentCode":null,
    "agentName":null,
    "agentPhone":null,
    "agentAssignedDate":null,
    "agentSentDate":["2018-09-27T01:58:22.253+0000","2018-09-27T01:58:21.006+0000","2018-09-27T01:58:19.884+0000"],
    "customerSentDate":["2018-09-27T01:58:27.856+0000","2018-09-27T01:58:27.215+0000"],
    "lastEmailId":"5"
  },
  {
    "prodClass":"Travel",
    "polNo":"900009104762",
    "lifePolNo":"",
    "applicantName":"ZHANG YONG",
    "idNo":"A1112409",
    "giOptOut":null,
    "lifeOptOut":null,
    "currentAgentName":"",
    "currentAgentCode":"",
    "currentAgentPhone":"",
    "dateOfSubmission":"2018-09-18T08:01:55.000+0000",
    "campaignCode":null,
    "assignmentType":null,
    "agentTeam":"123123123",
    "agentCode":"123123123",
    "agentName":"123123123",
    "agentPhone":"123123123",
    "agentAssignedDate":"2018-09-27T01:58:22.253+0000",
    "agentSentDate":["2018-09-27T01:58:22.253+0000","2018-09-27T01:58:21.006+0000","2018-09-27T01:58:19.884+0000"],
    "customerSentDate":["2018-09-27T01:58:27.856+0000","2018-09-27T01:58:27.215+0000"],
    "lastEmailId":"5"
    },
    {
      "prodClass":"Travel",
      "polNo":"900009104762",
      "lifePolNo":"",
      "applicantName":"ZHANG YONG",
      "idNo":"A1112409",
      "giOptOut":null,
      "lifeOptOut":null,
      "currentAgentName":"",
      "currentAgentCode":"",
      "currentAgentPhone":"",
      "dateOfSubmission":"2018-09-18T08:01:55.000+0000",
      "campaignCode":null,
      "assignmentType":null,
      "agentTeam":null,
      "agentCode":null,
      "agentName":null,
      "agentPhone":null,
      "agentAssignedDate":null,
      "agentSentDate":["2018-09-27T01:58:22.253+0000","2018-09-27T01:58:21.006+0000","2018-09-27T01:58:19.884+0000"],
      "customerSentDate":["2018-09-27T01:58:27.856+0000","2018-09-27T01:58:27.215+0000"],
      "lastEmailId":"5"
      }]
  }
